Aveline,Mechell,http://dummyimage.com/106x103.jpg/ff4444/ffffff,7/24/1987,amechell0@cisco.com,540 598 7143,0,1,2020-10-13,2021-01-11
Donny,Pack,http://dummyimage.com/157x178.jpg/5fa2dd/ffffff,10/31/1982,dpack1@techcrunch.com,854 307 9927,0,1,2021-02-05,2020-11-18
Corabelle,Grinikhin,http://dummyimage.com/115x155.jpg/dddddd/000000,1/22/1996,cgrinikhin2@godaddy.com,581 252 9909,1,1,2020-05-11,2020-07-25
Jillian,Floyde,http://dummyimage.com/175x144.png/ff4444/ffffff,1/27/1995,jfloyde3@microsoft.com,441 924 8905,1,1,2020-07-20,2020-04-07
Netti,Asser,http://dummyimage.com/103x204.bmp/5fa2dd/ffffff,2/4/1991,nasser4@globo.com,199 316 8771,1,1,2020-11-13,2020-08-12
Blondell,Mustoe,http://dummyimage.com/187x181.png/dddddd/000000,11/28/2004,bmustoe5@opensource.org,592 112 0710,1,1,2020-12-21,2020-12-15
Madel,Sampson,http://dummyimage.com/224x163.jpg/ff4444/ffffff,10/9/2018,msampson6@sfgate.com,757 437 9603,0,0,2020-11-18,2020-11-05
Reta,Duchan,http://dummyimage.com/175x223.bmp/5fa2dd/ffffff,10/5/2014,rduchan7@ow.ly,254 552 6264,1,0,2020-07-06,2020-12-19
Burke,Heartfield,http://dummyimage.com/196x121.png/5fa2dd/ffffff,11/11/1996,bheartfield8@sfgate.com,153 913 9267,0,1,2020-10-25,2021-02-16
Sharity,Mellodey,http://dummyimage.com/143x163.jpg/ff4444/ffffff,12/22/1984,smellodey9@netvibes.com,629 251 9341,0,1,2020-06-07,2020-09-18
Marne,Bumford,http://dummyimage.com/191x103.bmp/cc0000/ffffff,4/25/2004,mbumforda@cyberchimps.com,466 987 0628,0,1,2020-06-11,2020-12-29
Merrill,Labusch,http://dummyimage.com/101x130.bmp/dddddd/000000,2/3/2003,mlabuschb@hatena.ne.jp,172 905 0152,1,0,2020-05-24,2020-09-11
Lilly,Deschlein,http://dummyimage.com/231x133.bmp/ff4444/ffffff,5/10/1982,ldeschleinc@aol.com,591 431 8713,1,1,2020-11-14,2020-12-05
Bert,Fincken,http://dummyimage.com/166x205.bmp/5fa2dd/ffffff,12/24/2008,bfinckend@dyndns.org,318 333 1799,1,0,2020-04-27,2020-12-15
Katie,Ruddlesden,http://dummyimage.com/219x118.bmp/5fa2dd/ffffff,12/10/1998,kruddlesdene@fema.gov,891 539 2306,0,0,2020-10-05,2020-09-17
Robers,Sanz,http://dummyimage.com/209x166.png/cc0000/ffffff,2/16/1989,rsanzf@businessinsider.com,282 292 2995,0,1,2020-09-21,2021-01-04
Midge,Yushmanov,http://dummyimage.com/208x249.bmp/cc0000/ffffff,1/16/2021,myushmanovg@g.co,315 696 4450,1,0,2020-06-20,2020-11-08
Lyle,Doncom,http://dummyimage.com/219x191.bmp/5fa2dd/ffffff,11/28/1998,ldoncomh@shareasale.com,878 221 5186,1,0,2020-07-01,2020-09-07
Lorenza,Farahar,http://dummyimage.com/192x113.bmp/dddddd/000000,12/12/2006,lfarahari@cdc.gov,738 984 6035,0,1,2020-10-11,2020-10-26
Lucila,De Bruin,http://dummyimage.com/247x109.jpg/ff4444/ffffff,3/10/2014,ldebruinj@cbslocal.com,226 363 1525,1,1,2020-10-27,2020-07-12
Corabelle,Barends,http://dummyimage.com/222x115.jpg/cc0000/ffffff,12/13/1981,cbarendsk@time.com,510 453 3932,1,1,2020-10-13,2020-03-26
Scottie,McMenamin,http://dummyimage.com/133x196.jpg/cc0000/ffffff,1/7/1991,smcmenaminl@de.vu,726 641 7323,0,1,2020-03-10,2020-03-05
Bron,Wilkisson,http://dummyimage.com/198x197.png/cc0000/ffffff,12/24/2020,bwilkissonm@toplist.cz,405 882 1557,1,0,2020-06-22,2020-03-30
Kristin,Jacqueminet,http://dummyimage.com/241x198.bmp/5fa2dd/ffffff,9/23/2003,kjacqueminetn@mit.edu,308 653 8233,1,1,2020-06-02,2020-05-31
Brock,Suffe,http://dummyimage.com/137x109.jpg/ff4444/ffffff,9/7/1986,bsuffeo@360.cn,870 718 1693,0,0,2020-11-25,2020-04-16
Gnni,Rootham,http://dummyimage.com/238x192.bmp/cc0000/ffffff,5/12/2015,groothamp@is.gd,519 713 7650,0,0,2020-12-24,2020-08-07
Bess,Saing,http://dummyimage.com/224x173.jpg/5fa2dd/ffffff,1/22/1985,bsaingq@nsw.gov.au,672 308 4850,1,1,2020-07-28,2020-10-03
Reinwald,Ramard,http://dummyimage.com/217x250.png/ff4444/ffffff,7/10/2005,rramardr@marriott.com,645 679 8907,0,0,2020-06-22,2020-02-22
Kahaleel,Signoret,http://dummyimage.com/133x238.jpg/5fa2dd/ffffff,4/4/2019,ksignorets@github.com,773 214 0272,0,1,2020-11-09,2021-01-20
Rik,Hamblington,http://dummyimage.com/167x193.bmp/cc0000/ffffff,10/1/2014,rhamblingtont@wordpress.com,620 262 7736,0,0,2020-06-16,2020-05-04
Miquela,Milkin,http://dummyimage.com/239x246.jpg/dddddd/000000,4/20/2006,mmilkinu@unblog.fr,116 781 3859,1,0,2020-10-08,2020-12-20
Yulma,Beaves,http://dummyimage.com/110x231.bmp/cc0000/ffffff,4/9/2004,ybeavesv@vk.com,185 139 7746,0,1,2020-10-30,2020-10-12
Lurlene,Talmadge,http://dummyimage.com/115x208.bmp/cc0000/ffffff,3/15/2011,ltalmadgew@theglobeandmail.com,523 372 2647,1,1,2020-04-30,2020-11-21
Abraham,Muress,http://dummyimage.com/137x121.jpg/5fa2dd/ffffff,11/22/1999,amuressx@addthis.com,559 371 7717,0,1,2021-02-24,2020-02-22
Lyndell,Allbut,http://dummyimage.com/191x201.png/5fa2dd/ffffff,3/17/2006,lallbuty@epa.gov,555 421 5681,0,0,2020-11-03,2020-04-27
Caria,Lynock,http://dummyimage.com/233x196.bmp/dddddd/000000,9/11/2009,clynockz@dyndns.org,691 309 0128,0,0,2020-11-02,2020-09-26
Salem,Burbank,http://dummyimage.com/120x108.jpg/dddddd/000000,7/21/1983,sburbank10@msu.edu,717 340 3721,0,0,2020-12-03,2021-02-12
Lannie,Waddell,http://dummyimage.com/130x134.bmp/cc0000/ffffff,7/25/2019,lwaddell11@pbs.org,886 477 2305,0,0,2021-02-14,2020-05-03
Karoline,Millott,http://dummyimage.com/236x184.png/dddddd/000000,11/30/1999,kmillott12@loc.gov,904 617 6748,1,1,2021-01-19,2021-01-21
Ara,Daddow,http://dummyimage.com/113x194.bmp/cc0000/ffffff,1/13/1985,adaddow13@hostgator.com,819 318 0252,0,0,2020-09-28,2020-04-11
Druci,Weinham,http://dummyimage.com/132x133.jpg/dddddd/000000,7/30/2010,dweinham14@ucoz.com,959 814 1084,0,1,2021-02-19,2021-02-05
Humfrey,Buxey,http://dummyimage.com/179x135.png/cc0000/ffffff,7/7/1990,hbuxey15@shutterfly.com,939 259 4259,0,0,2020-09-23,2020-05-23
Jayson,Bernhardt,http://dummyimage.com/100x107.jpg/5fa2dd/ffffff,7/22/1985,jbernhardt16@ted.com,534 399 3117,1,0,2020-03-03,2020-04-04
Oralle,Buye,http://dummyimage.com/114x125.png/dddddd/000000,3/23/1992,obuye17@about.me,697 968 4856,0,1,2020-08-11,2020-12-25
Khalil,Normanville,http://dummyimage.com/116x176.bmp/dddddd/000000,8/11/2009,knormanville18@tripadvisor.com,639 186 9673,1,1,2020-09-24,2020-06-18
Cristionna,Cornfoot,http://dummyimage.com/230x153.bmp/ff4444/ffffff,3/6/1983,ccornfoot19@storify.com,156 992 6800,1,1,2021-02-23,2020-05-13
Drud,Wakely,http://dummyimage.com/213x164.jpg/dddddd/000000,6/26/2001,dwakely1a@360.cn,889 908 5611,1,0,2020-06-26,2020-04-07
Kass,Aloigi,http://dummyimage.com/148x151.jpg/ff4444/ffffff,7/1/1989,kaloigi1b@reverbnation.com,260 464 3693,0,0,2020-11-30,2020-09-28
Pernell,Stenning,http://dummyimage.com/224x114.jpg/cc0000/ffffff,5/14/1982,pstenning1c@addtoany.com,469 884 2900,1,1,2020-11-12,2020-08-29
Stevena,Wooster,http://dummyimage.com/233x189.bmp/5fa2dd/ffffff,10/16/2017,swooster1d@answers.com,283 979 2545,0,0,2020-07-11,2020-12-08
Vivienne,Dallaghan,http://dummyimage.com/138x111.jpg/5fa2dd/ffffff,8/21/2003,vdallaghan1e@nature.com,623 434 5404,0,0,2020-05-17,2020-10-04
Xylia,Cassimer,http://dummyimage.com/127x165.bmp/ff4444/ffffff,12/28/2016,xcassimer1f@sun.com,339 106 8126,1,0,2020-09-19,2020-03-26
Denny,Monteaux,http://dummyimage.com/115x138.png/5fa2dd/ffffff,10/22/1986,dmonteaux1g@hp.com,203 202 0904,1,0,2020-04-17,2021-02-13
Randell,Pomfrey,http://dummyimage.com/241x168.bmp/ff4444/ffffff,3/23/2015,rpomfrey1h@yellowbook.com,498 933 9651,1,1,2020-07-27,2020-09-24
Eula,Newall,http://dummyimage.com/235x229.bmp/5fa2dd/ffffff,3/1/1989,enewall1i@blogger.com,547 431 1657,0,1,2020-12-05,2020-07-07
Bay,Crampsy,http://dummyimage.com/216x212.jpg/5fa2dd/ffffff,7/16/1993,bcrampsy1j@creativecommons.org,396 611 8146,0,1,2020-02-25,2020-09-02
Edgar,Tunnow,http://dummyimage.com/185x178.jpg/5fa2dd/ffffff,8/12/1996,etunnow1k@uiuc.edu,777 599 0814,1,1,2021-02-14,2020-10-23
Elbertine,Sherewood,http://dummyimage.com/205x227.bmp/5fa2dd/ffffff,5/22/2008,esherewood1l@simplemachines.org,998 323 5646,1,0,2021-02-24,2020-09-24
Ulrich,Stubbington,http://dummyimage.com/208x209.png/dddddd/000000,3/17/2014,ustubbington1m@usnews.com,216 249 7694,1,1,2020-10-30,2020-11-24
Pancho,Goold,http://dummyimage.com/148x133.png/cc0000/ffffff,1/6/2002,pgoold1n@sphinn.com,578 728 0135,1,0,2020-11-02,2021-02-09
Raddy,Ledstone,http://dummyimage.com/133x103.png/cc0000/ffffff,3/23/1994,rledstone1o@soup.io,365 837 3525,1,1,2020-06-30,2021-01-20
Godfrey,Wrey,http://dummyimage.com/160x174.bmp/dddddd/000000,2/19/2016,gwrey1p@drupal.org,692 250 7088,1,1,2020-08-09,2021-02-08
Casper,Currell,http://dummyimage.com/125x204.png/dddddd/000000,12/29/1981,ccurrell1q@cocolog-nifty.com,427 609 9952,0,1,2020-04-05,2020-08-08
Merry,Dowdney,http://dummyimage.com/196x249.jpg/cc0000/ffffff,4/25/2006,mdowdney1r@imdb.com,996 561 3493,1,0,2020-08-01,2020-10-07
Inigo,Wicks,http://dummyimage.com/228x231.bmp/dddddd/000000,12/25/1981,iwicks1s@networksolutions.com,209 493 3499,1,0,2020-02-21,2020-09-17
Derby,Jarrad,http://dummyimage.com/132x141.png/cc0000/ffffff,3/16/1980,djarrad1t@fc2.com,152 621 8007,0,1,2020-04-07,2020-02-28
Nicoline,Erie,http://dummyimage.com/167x154.jpg/5fa2dd/ffffff,9/17/2019,nerie1u@infoseek.co.jp,730 224 5606,0,0,2020-06-22,2021-01-11
Heloise,Hollows,http://dummyimage.com/212x212.bmp/5fa2dd/ffffff,10/27/2019,hhollows1v@merriam-webster.com,870 224 0356,1,1,2020-05-20,2021-02-09
Mira,Girkin,http://dummyimage.com/248x161.bmp/cc0000/ffffff,5/17/1999,mgirkin1w@slashdot.org,218 143 1058,0,1,2020-06-07,2020-04-15
Ludwig,Finker,http://dummyimage.com/108x106.jpg/cc0000/ffffff,6/22/1985,lfinker1x@eepurl.com,256 784 9660,0,0,2020-11-24,2020-10-29
Leeland,Cromwell,http://dummyimage.com/220x134.png/ff4444/ffffff,5/4/2000,lcromwell1y@vistaprint.com,918 549 5180,1,1,2020-07-04,2020-04-04
Hetti,Keaveney,http://dummyimage.com/231x166.jpg/dddddd/000000,9/14/1999,hkeaveney1z@soundcloud.com,322 532 8781,0,0,2020-04-05,2020-10-08
Marketa,Pawelke,http://dummyimage.com/104x227.png/5fa2dd/ffffff,8/27/1995,mpawelke20@hud.gov,312 303 2174,0,0,2021-02-16,2020-12-11
Daniela,Dobrovolski,http://dummyimage.com/169x169.jpg/ff4444/ffffff,12/4/2012,ddobrovolski21@joomla.org,203 239 5622,0,0,2021-02-05,2020-06-06
Tandy,Neles,http://dummyimage.com/232x101.png/ff4444/ffffff,9/24/2020,tneles22@blogger.com,207 327 8626,1,0,2021-01-13,2020-12-06
Maryl,Osgordby,http://dummyimage.com/100x154.png/5fa2dd/ffffff,11/9/1986,mosgordby23@shinystat.com,437 415 1459,1,1,2021-02-08,2020-11-22
Dougy,Rudeforth,http://dummyimage.com/243x112.jpg/cc0000/ffffff,1/24/1991,drudeforth24@ezinearticles.com,401 196 1442,0,1,2020-12-16,2020-06-30
Gianna,Nouch,http://dummyimage.com/114x221.jpg/ff4444/ffffff,10/30/1999,gnouch25@altervista.org,222 954 8828,1,0,2020-04-19,2021-01-20
Daniella,Silverson,http://dummyimage.com/166x107.jpg/5fa2dd/ffffff,12/7/1993,dsilverson26@hostgator.com,646 439 5481,0,1,2020-04-02,2020-09-24
Nick,Pullin,http://dummyimage.com/186x140.jpg/dddddd/000000,6/2/2015,npullin27@slashdot.org,428 152 1988,1,1,2021-01-29,2020-10-25
Justino,Parradye,http://dummyimage.com/111x242.bmp/5fa2dd/ffffff,11/28/1989,jparradye28@fda.gov,303 163 1170,0,0,2020-05-06,2020-11-11
Deidre,Steele,http://dummyimage.com/120x127.jpg/dddddd/000000,8/30/2005,dsteele29@sbwire.com,139 689 1726,1,1,2020-06-11,2020-07-08
Larry,Trowler,http://dummyimage.com/180x178.bmp/dddddd/000000,11/22/1988,ltrowler2a@nationalgeographic.com,326 550 8203,1,0,2021-02-02,2020-05-10
Jena,Folomkin,http://dummyimage.com/215x113.bmp/ff4444/ffffff,5/18/1996,jfolomkin2b@go.com,215 397 8260,1,0,2020-03-25,2021-01-29
Ashbey,Davidovits,http://dummyimage.com/140x121.bmp/cc0000/ffffff,10/20/1993,adavidovits2c@plala.or.jp,978 658 6630,1,0,2020-05-06,2020-11-13
Vanni,Morad,http://dummyimage.com/215x216.jpg/5fa2dd/ffffff,9/27/1990,vmorad2d@hao123.com,304 503 7029,1,0,2020-02-21,2020-06-14
Addia,Stratford,http://dummyimage.com/113x242.jpg/dddddd/000000,9/5/2007,astratford2e@gnu.org,505 373 1469,0,1,2020-12-12,2020-05-21
Reynard,Peacher,http://dummyimage.com/212x219.bmp/cc0000/ffffff,2/22/2012,rpeacher2f@moonfruit.com,696 749 5626,1,1,2020-02-20,2020-07-23
Fran,Ghelardoni,http://dummyimage.com/182x225.bmp/dddddd/000000,11/13/2012,fghelardoni2g@google.com.hk,724 245 2698,0,0,2020-04-27,2021-01-09
Cob,Prowting,http://dummyimage.com/149x122.jpg/cc0000/ffffff,12/22/1998,cprowting2h@ebay.com,613 147 5914,1,1,2020-08-14,2020-10-23
Philippe,Dyshart,http://dummyimage.com/162x110.jpg/dddddd/000000,3/7/2005,pdyshart2i@alexa.com,212 894 3692,1,1,2020-05-26,2020-08-06
Antonin,Soal,http://dummyimage.com/243x220.bmp/ff4444/ffffff,5/7/2018,asoal2j@elpais.com,415 353 4557,1,1,2020-06-12,2020-07-18
Donal,Rutland,http://dummyimage.com/129x142.png/ff4444/ffffff,8/27/2010,drutland2k@php.net,613 428 8565,0,1,2021-01-10,2020-10-14
Shawnee,Attard,http://dummyimage.com/116x152.png/5fa2dd/ffffff,2/17/2001,sattard2l@flickr.com,737 929 3494,1,1,2020-12-31,2020-08-01
Cob,Hinrichsen,http://dummyimage.com/194x100.jpg/5fa2dd/ffffff,10/2/2020,chinrichsen2m@odnoklassniki.ru,543 918 5940,1,0,2020-12-27,2020-03-17
Fulton,McTerrelly,http://dummyimage.com/222x237.bmp/dddddd/000000,1/26/2013,fmcterrelly2n@cocolog-nifty.com,474 127 7123,1,0,2020-05-13,2020-12-29
Edithe,MacLise,http://dummyimage.com/228x250.jpg/dddddd/000000,1/6/1981,emaclise2o@com.com,772 869 6771,0,1,2020-11-20,2020-04-14
Elden,Beasant,http://dummyimage.com/248x232.png/cc0000/ffffff,3/5/2010,ebeasant2p@friendfeed.com,953 409 7908,0,1,2020-08-11,2020-11-18
Merwin,Belcham,http://dummyimage.com/101x167.jpg/cc0000/ffffff,11/22/2015,mbelcham2q@purevolume.com,200 547 8595,0,0,2020-05-17,2020-04-11
Leonidas,Pleat,http://dummyimage.com/193x139.bmp/dddddd/000000,5/4/2004,lpleat2r@sogou.com,503 744 8015,1,1,2020-12-15,2020-07-15
